<?xml version="1.0" encoding="UTF-8" standalone="yes"?>
<addon id="repository.milaq" name="milaq's Kodi addons" version="1.0.0" provider-name="milaq">
    <extension point="xbmc.addon.repository" name="milaq's Kodi addons">
        <dir>
            <info>https://github.com/milaq/kodi_repository_milaq/raw/master/addons.xml</info>
            <checksum>https://github.com/milaq/kodi_repository_milaq/raw/master/addons.xml.md5</checksum>
            <datadir zip="true">https://github.com/milaq/kodi_repository_milaq/raw/master/pool</datadir>
        </dir>
    </extension>
    <extension point="xbmc.addon.metadata">
        <summary>milaq's Kodi addons</summary>
        <description>milaq's repository for addons</description>
        <platform>all</platform>
        <assets>
            <icon>icon.png</icon>
        </assets>
    </extension>
</addon>
