<?xml version="1.0" encoding="UTF-8"?>
<window>
	<zorder>6</zorder>
	<controls>
		<control type="image">
			<description>window background image</description>
			<posx>0</posx>
			<posy>0</posy>
			<width>1920</width>
			<height>1080</height>
			<texture>screensaver-black.png</texture>
			<animation effect="fade" start="0" end="100" time="500">WindowOpen</animation>
		</control>
		<control type="group">
			<animation type="Conditional" condition="String.IsEqual(Window.Property(SlideView.Splash),hide)">
				<effect type="fade" start="0" end="100" time="500"/>
			</animation>
			<control type="group">
				<animation type="Conditional" condition="String.IsEqual(Window.Property(SlideView.Fade1),1)">
					<effect type="fade" start="100" end="0" time="1000"/>
				</animation>
				<animation type="Conditional" condition="String.IsEqual(Window.Property(SlideView.Fade21),1)">
					<effect type="fade" start="100" end="0" time="0"/>
				</animation>
				<control type="image" id="1">
					<description>fullscreen scaled image 1</description>
					<posx>0</posx>
					<posy>0</posy>
					<width>1920</width>
					<height>1080</height>
					<texture background="true"></texture>
					<aspectratio>scale</aspectratio>
					<fadetime>0</fadetime>
					<animation type="Conditional" condition="String.IsEqual(Window.Property(SlideView.Slide1),0)" reversible="false">
						<effect type="slide" tween="cubic" easing="inout" start="1920,0" end="0,0" time="500"/>
					</animation>
					<animation type="Conditional" condition="String.IsEqual(Window.Property(SlideView.Slide1),1)" reversible="false">
						<effect type="slide" tween="cubic" easing="inout" start="0,0" end="-1920,0" time="500"/>
					</animation>
				</control>
			</control>
			<control type="group">
				<animation type="Conditional" condition="String.IsEqual(Window.Property(SlideView.Fade2),1)">
					<effect type="fade" start="100" end="0" time="1000"/>
				</animation>
				<animation type="Conditional" condition="String.IsEqual(Window.Property(SlideView.Fade22),1)">
					<effect type="fade" start="100" end="0" time="0"/>
				</animation>
				<control type="image" id="2">
					<description>fullscreen scaled image 2</description>
					<posx>0</posx>
					<posy>0</posy>
					<width>1920</width>
					<height>1080</height>
					<texture background="true"></texture>
					<aspectratio>scale</aspectratio>
					<fadetime>0</fadetime>
					<animation type="Conditional" condition="String.IsEqual(Window.Property(SlideView.Slide2),0)" reversible="false">
						<effect type="slide" tween="cubic" easing="inout" start="1920,0" end="0,0" time="500"/>
					</animation>
					<animation type="Conditional" condition="String.IsEqual(Window.Property(SlideView.Slide2),1)" reversible="false">
						<effect type="slide" tween="cubic" easing="inout" start="0,0" end="-1920,0" time="500"/>
					</animation>
				</control>
			</control>
			<control type="label" id="99">
				<posx>1875</posx>
				<posy>1020</posy>
				<width>900</width>
				<height>30</height>
				<font>font12</font>
				<align>right</align>
				<textcolor>80FFFFFF</textcolor>
				<shadowcolor>80000000</shadowcolor>
			</control>
		</control>
		<control type="image">
			<description>dim image</description>
			<posx>0</posx>
			<posy>0</posy>
			<width>1920</width>
			<height>1080</height>
			<texture>screensaver-black.png</texture>
			<colordiffuse>$INFO[Window.Property(SlideView.Dim)]</colordiffuse>
		</control>
	</controls>
</window>
