<?xml version="1.0" encoding="UTF-8" standalone="yes"?>
<addon id="screensaver.fanart.slideshow" name="Fanart Slideshow Screensaver" version="0.9.6" provider-name="milaq">
	<requires>
		<import addon="xbmc.python" version="3.0.0"/>
	</requires>
	<extension point="xbmc.ui.screensaver" library="default.py"/>
	<extension point="xbmc.addon.metadata">
		<summary lang="en_GB">Screensaver that displays a fanart slideshow</summary>
        <description lang="en_GB">The Fanart Slideshow Screensaver will show you a slideshow of your movie/tvshow fanart images using various transition effects.</description>
		<language></language>
		<platform>all</platform>
		<license>GNU GENERAL PUBLIC LICENSE Version 2</license>
        <forum></forum>
        <website>https://milaq.net</website>
		<source>https://github.com/milaq/kodi_screensaver_fanart_slideshow</source>
		<assets>
			<icon>resources/icon.jpg</icon>
			<fanart>resources/fanart.jpg</fanart>
		</assets>
	</extension>
</addon>
