<?xml version="1.0" encoding="UTF-8" standalone="yes"?>
<addon id="repository.milaq" name="milaq's Kodi addons" version="3.0.0" provider-name="milaq">
    <extension point="xbmc.addon.repository" name="milaq's Kodi addons">
		<dir minversion="18.0.0">
            <info compressed="false">https://github.com/milaq/kodi_repository_milaq/raw/master/dists/leia/addons.xml</info>
            <checksum>https://github.com/milaq/kodi_repository_milaq/raw/master/dists/leia/addons.xml.md5</checksum>
            <datadir zip="true">https://github.com/milaq/kodi_repository_milaq/raw/master/dists/leia</datadir>
        </dir>
        <dir minversion="19.0.0">
            <info compressed="false">https://github.com/milaq/kodi_repository_milaq/raw/master/dists/matrix/addons.xml</info>
            <checksum>https://github.com/milaq/kodi_repository_milaq/raw/master/dists/matrix/addons.xml.md5</checksum>
            <datadir zip="true">https://github.com/milaq/kodi_repository_milaq/raw/master/dists/matrix</datadir>
		</dir>
    </extension>
    <extension point="xbmc.addon.metadata">
        <summary>milaq's Kodi addons</summary>
        <description>milaq's Kodi addon repository</description>
        <platform>all</platform>
        <assets>
            <icon>icon.png</icon>
        </assets>
    </extension>
</addon>
