<?xml version="1.0" encoding="utf-8"?>
<sounds>
  <actions>
    <action>
      <name>select</name>
      <file>click.wav</file>
    </action>
    <action>
      <name>parentdir</name>
      <file>parent.wav</file>
    </action>
    <action>
      <name>previousmenu</name>
      <file>back.wav</file>
    </action>
    <action>
      <name>screenshot</name>
      <file>photo.wav</file>
    </action>
  </actions>
  <windows>
    <window>
      <name>InfoDialog</name>
      <activate>notify.wav</activate>
    </window>
  </windows>
</sounds>
